video_id,duration,precise_duration,source_file
7566870951661423880,99.0,99.68325,100_7566870951661423880.html
7609292985380998421,170.0,278.09955,100_7609292985380998421.html
7566870272913984776,90.0,90.984436,101_7566870272913984776.html
7609281412172533012,104.0,278.09955,101_7609281412172533012.html
7565173148216347922,222.0,222.04082,102_7565173148216347922.html
7609139857323085076,41.0,278.09955,102_7609139857323085076.html
7564352660401327368,184.0,184.76407,103_7564352660401327368.html
7606948379381222677,152.0,278.09955,103_7606948379381222677.html
7563687660280188178,84.0,84.97631,104_7563687660280188178.html
7606580013478972693,61.0,278.09955,104_7606580013478972693.html
7563675334453808402,163.0,163.86606,105_7563675334453808402.html
7606566023306857748,77.0,278.09955,105_7606566023306857748.html
7562177380119334162,166.0,166.94856,106_7562177380119334162.html
7606541955593522453,321.0,278.09955,106_7606541955593522453.html
7562175814456921352,86.0,86.439125,107_7562175814456921352.html
7605979341209734421,91.0,278.09955,107_7605979341209734421.html
7562172024068541703,123.0,123.76813,108_7562172024068541703.html
7605904808188415252,111.0,278.09955,108_7605904808188415252.html
7561832990200827144,131.0,131.10857,109_7561832990200827144.html
7605622007367093524,146.0,278.09955,109_7605622007367093524.html
7529550720392023303,155.0,155.37631,10_7529550720392023303.html
7605595963176062228,97.0,97.75019,10_7605595963176062228.html
7561363681792085256,180.0,180.71506,110_7561363681792085256.html
7605613235819154708,148.0,278.09955,110_7605613235819154708.html
7560686958142393608,186.0,186.12244,111_7560686958142393608.html
7605206101189004565,107.0,278.09955,111_7605206101189004565.html
7560653217554599176,108.0,108.068565,112_7560653217554599176.html
7605194154913713429,108.0,278.09955,112_7605194154913713429.html
7559924332810587399,194.0,194.84732,113_7559924332810587399.html
7605183547116162325,150.0,278.09955,113_7605183547116162325.html
7559557707452173575,112.0,112.24812,114_7559557707452173575.html
7604810852797025556,120.0,278.09955,114_7604810852797025556.html
7558497384628571410,226.0,226.97794,115_7558497384628571410.html
7604797582795230485,199.0,278.09955,115_7604797582795230485.html
7558496800198446354,123.0,123.66363,116_7558496800198446354.html
7604488087724428564,104.0,278.09955,116_7604488087724428564.html
7557750001212968199,186.0,186.59262,117_7557750001212968199.html
7604464560237497620,75.0,278.09955,117_7604464560237497620.html
7557747678281616648,63.0,63.94775,118_7557747678281616648.html
7604450387302632725,132.0,278.09955,118_7604450387302632725.html
7557698046218358034,60.0,60.943626,119_7557698046218358034.html
7604397523050024212,27.0,469.812,119_7604397523050024212.html
7529547333021846791,164.0,164.07506,11_7529547333021846791.html
7603977490352065812,132.0,132.38857,11_7603977490352065812.html
7557359363174763794,65.0,65.82856,120_7557359363174763794.html
7604073152120982805,139.0,278.09955,120_7604073152120982805.html
7556641239001533704,156.0,156.08162,121_7556641239001533704.html
7604041943881993492,142.0,278.09955,121_7604041943881993492.html
7556240116432342280,177.0,177.16245,122_7556240116432342280.html
7604005424966143253,137.0,278.09955,122_7604005424966143253.html
7555518079137090824,96.0,96.54856,123_7555518079137090824.html
7603983323727285524,123.0,278.09955,123_7603983323727285524.html
7555509772259200274,136.0,136.82938,124_7555509772259200274.html
7603763481925455124,57.0,57.731,124_7603763481925455124.html
7554391540295044370,113.0,113.97219,125_7554391540295044370.html
7603757585057336597,45.0,45.401,125_7603757585057336597.html
7554383063573204242,177.0,177.97218,126_7554383063573204242.html
7603627973148822805,97.0,278.09955,126_7603627973148822805.html
7553649349243309319,155.0,155.8465,127_7553649349243309319.html
7603616289415761173,135.0,278.09955,127_7603616289415761173.html
7553640771161820434,179.0,179.98363,128_7553640771161820434.html
7603608319441374484,103.0,278.09955,128_7603608319441374484.html
7553263544616127762,162.0,162.95181,129_7553263544616127762.html
7603351723666574612,146.0,146.312,129_7603351723666574612.html
7529169934388169992,67.0,67.213066,12_7529169934388169992.html
7603348445637725461,153.0,153.91344,12_7603348445637725461.html
7552176768510135560,199.0,199.31425,130_7552176768510135560.html
7603341180620803349,125.0,125.936,130_7603341180620803349.html
7551482672795618578,161.0,161.93306,131_7551482672795618578.html
7602938594726382869,94.0,278.09955,131_7602938594726382869.html
7550193523518213384,163.0,163.86606,132_7550193523518213384.html
7602913454051118356,139.0,278.09955,132_7602913454051118356.html
7549590951220628754,216.0,216.73795,133_7549590951220628754.html
7602880802350730517,123.0,278.09955,133_7602880802350730517.html
7548874981032070418,192.0,192.91425,134_7548874981032070418.html
7602862484151684372,110.0,278.09955,134_7602862484151684372.html
7548405698451803410,149.0,149.70775,135_7548405698451803410.html
7602857405487090965,140.0,278.09955,135_7602857405487090965.html
7548404402214817042,112.0,112.90119,136_7548404402214817042.html
7602560517244243220,104.0,278.09955,136_7602560517244243220.html
7548395511640886536,137.0,137.97874,137_7548395511640886536.html
7602501954392329492,106.0,107.0,137_7602501954392329492.html
7547402201757420808,197.0,197.74693,138_7547402201757420808.html
7602197542620695828,104.0,278.09955,138_7602197542620695828.html
7546912009728789767,124.0,124.42119,139_7546912009728789767.html
7602189293028658453,132.0,278.09955,139_7602189293028658453.html
7529107175881460999,94.0,94.77219,13_7529107175881460999.html
7603012321505561877,144.0,144.48325,13_7603012321505561877.html
7546903935513120007,168.0,168.04568,140_7546903935513120007.html
7601783253925776661,92.0,372.24487,140_7601783253925776661.html
7546599625872919815,213.0,213.39426,141_7546599625872919815.html
7601761675234004245,79.0,158.66,141_7601761675234004245.html
7546599035939884295,112.0,112.222,142_7546599035939884295.html
7601480615103319316,122.0,265.06445,142_7601480615103319316.html
7545390989939100935,156.0,156.0555,143_7545390989939100935.html
7601452834638417173,75.0,265.06445,143_7601452834638417173.html
7545182472884030738,177.0,177.97218,144_7545182472884030738.html
7601419065009212693,119.0,278.09955,144_7601419065009212693.html
7545157328199257352,83.0,83.408936,145_7545157328199257352.html
7601100776735313173,81.0,265.06445,145_7601100776735313173.html
7544970037900201234,123.0,123.82037,146_7544970037900201234.html
7601093595625540885,135.0,278.09955,146_7601093595625540885.html
7544734108891483410,156.0,156.13388,147_7544734108891483410.html
7601016274805591317,102.0,265.06445,147_7601016274805591317.html
7542365055480827144,185.0,185.46938,148_7542365055480827144.html
7600751705839668501,97.0,278.09955,148_7600751705839668501.html
7542013946975358216,173.0,173.42694,149_7542013946975358216.html
7600705198067092757,107.0,278.09955,149_7600705198067092757.html
7529103922816879880,198.0,198.21713,14_7529103922816879880.html
7602990668499160341,112.0,112.90119,14_7602990668499160341.html
7541811615423876359,231.0,231.99344,150_7541811615423876359.html
7600332862780460309,113.0,309.49875,150_7600332862780460309.html
7540257753546099976,153.0,153.91344,151_7540257753546099976.html
7600241315049164052,97.0,265.06445,151_7600241315049164052.html
7539474218354789639,139.0,139.88568,152_7539474218354789639.html
7599981177071586581,116.0,265.06445,152_7599981177071586581.html
7539448375381478674,190.0,190.72,153_7539448375381478674.html
7599948279262104852,121.0,278.09955,153_7599948279262104852.html
7539202020490874120,156.0,156.08162,154_7539202020490874120.html
7599900627732286741,121.0,278.09955,154_7599900627732286741.html
7538863062036630802,158.0,158.56325,155_7538863062036630802.html
7599618294026358036,81.0,265.06445,155_7599618294026358036.html
7538433413720624402,193.0,193.33218,156_7538433413720624402.html
7599601249503169813,105.0,278.09955,156_7599601249503169813.html
7538432810583969032,97.0,97.20162,157_7538432810583969032.html
7599570606320897301,133.0,278.09955,157_7599570606320897301.html
7538432242524179720,80.0,80.19588,158_7538432242524179720.html
7599519633288203541,168.0,278.09955,158_7599519633288203541.html
7538099142376033554,165.0,165.92975,159_7538099142376033554.html
7599317285379083540,142.0,265.06445,159_7599317285379083540.html
7528801218295123208,182.0,182.622,15_7528801218295123208.html
7602990293373242645,98.0,98.873436,15_7602990293373242645.html
7537688526658211079,175.0,175.7257,160_7537688526658211079.html
7599190889885338887,144.0,278.09955,160_7599190889885338887.html
7537685873979034888,203.0,203.2065,161_7537685873979034888.html
7599159025418112274,84.0,265.06445,161_7599159025418112274.html
7537339796243418375,170.0,170.31831,162_7537339796243418375.html
7598861347606105351,144.0,278.09955,162_7598861347606105351.html
7536909208801791239,172.0,172.22525,163_7536909208801791239.html
7598831082963864840,85.0,278.09955,163_7598831082963864840.html
7536603019056663816,102.0,102.26938,164_7536603019056663816.html
7598821077476756754,114.0,278.09955,164_7598821077476756754.html
7536602540733959442,185.0,185.182,165_7536602540733959442.html
7598426901522255122,126.0,126.35425,165_7598426901522255122.html
7536186998101593351,192.0,192.07831,166_7536186998101593351.html
7598388083293162760,252.0,278.09955,166_7598388083293162760.html
7536186795831151890,151.0,151.53632,167_7536186795831151890.html
7598136052439616776,117.0,278.09955,167_7598136052439616776.html
7536181592595729671,83.0,83.722435,168_7536181592595729671.html
7598093479176129800,106.0,106.24,168_7598093479176129800.html
7535023044771843335,153.0,153.0775,169_7535023044771843335.html
7598033249440484615,85.0,85.368,169_7598033249440484615.html
7527890530903149842,21.0,21.054688,16_7527890530903149842.html
7602277827559312660,166.0,166.2955,16_7602277827559312660.html
7534769704242613511,216.0,216.42444,170_7534769704242613511.html
7597812129156107528,107.0,278.09955,170_7597812129156107528.html
7534768404046023943,76.0,76.09469,171_7534768404046023943.html
7597750140027424008,138.0,278.09955,171_7597750140027424008.html
7533859877689642258,207.0,207.69957,172_7533859877689642258.html
7597735007980899602,146.0,278.09955,172_7597735007980899602.html
7596693017562565896,131.0,278.09955,173_7596693017562565896.html
7596616710950604050,74.0,74.789,174_7596616710950604050.html
7596593832267894034,121.0,278.09955,175_7596593832267894034.html
7596288588581473544,115.0,278.09955,176_7596288588581473544.html
7596157879321709831,107.0,278.09955,177_7596157879321709831.html
7595897214036151570,128.0,278.09955,178_7595897214036151570.html
7595827026922147090,78.0,84.63669,179_7595827026922147090.html
7527221466677480712,154.0,154.59262,17_7527221466677480712.html
7602238061275303189,99.0,99.91831,17_7602238061275303189.html
7595498424674438407,104.0,104.046,180_7595498424674438407.html
7595225694389406984,109.0,278.09955,181_7595225694389406984.html
7595185692670577928,112.0,278.09955,182_7595185692670577928.html
7595162060640636167,142.0,278.09955,183_7595162060640636167.html
7594820268791581960,135.0,278.09955,184_7594820268791581960.html
7594774568032537864,147.0,278.09955,185_7594774568032537864.html
7594748581437852935,125.0,278.09955,186_7594748581437852935.html
7594700069266410759,134.0,278.09955,187_7594700069266410759.html
7594459006442261768,139.0,182.04732,188_7594459006442261768.html
7594405549244976391,111.0,278.09955,189_7594405549244976391.html
7527169958829198610,183.0,184.0065,18_7527169958829198610.html
7601877198664027412,128.0,128.05219,18_7601877198664027412.html
7594395239327026450,149.0,278.09955,190_7594395239327026450.html
7593956404331957511,122.0,278.09955,191_7593956404331957511.html
7593703789236948242,102.0,278.09955,192_7593703789236948242.html
7593670933013941522,103.0,278.09955,193_7593670933013941522.html
7593656927553342738,130.0,166.16487,194_7593656927553342738.html
7593362990448282888,25.0,25.809,195_7593362990448282888.html
7593360619496017170,29.0,29.78,196_7593360619496017170.html
7593334344064699656,143.0,278.09955,197_7593334344064699656.html
7593309512442907912,146.0,278.09955,198_7593309512442907912.html
7593300499722423570,106.0,278.09955,199_7593300499722423570.html
7526457483209084178,134.0,134.55669,19_7526457483209084178.html
7601875518333422869,114.0,114.59913,19_7601875518333422869.html
7532821891980053767,205.0,205.03506,1_7532821891980053767.html
7573978385748069639,176.0,176.24812,1_7573978385748069639.html
7592991251641732359,127.0,278.09955,200_7592991251641732359.html
7592959077790092552,107.0,278.09955,201_7592959077790092552.html
7592926768823028999,111.0,278.09955,202_7592926768823028999.html
7592880730972130567,117.0,278.09955,203_7592880730972130567.html
7592463771960986887,108.0,278.09955,204_7592463771960986887.html
7592248146948902151,152.0,278.09955,205_7592248146948902151.html
7592192200247774471,142.0,278.09955,206_7592192200247774471.html
7592153667935980808,134.0,278.09955,207_7592153667935980808.html
7592146184840498439,141.0,278.09955,208_7592146184840498439.html
7591854091366714644,103.0,278.09955,209_7591854091366714644.html
7526177646514834706,165.0,165.982,20_7526177646514834706.html
7601162749213084948,162.0,162.84732,20_7601162749213084948.html
7591833311534681364,107.0,278.09955,210_7591833311534681364.html
7591804856596237589,126.0,278.09955,211_7591804856596237589.html
7591479361832832277,94.0,278.09955,212_7591479361832832277.html
7591460212339379476,91.0,278.09955,213_7591460212339379476.html
7590952022359297300,88.0,278.09955,214_7590952022359297300.html
7590760390414388501,92.0,278.09955,215_7590760390414388501.html
7590719024951020821,136.0,278.09955,216_7590719024951020821.html
7590363386831981845,127.0,278.09955,217_7590363386831981845.html
7590333647199276309,109.0,278.09955,218_7590333647199276309.html
7589947929637522709,113.0,278.09955,219_7589947929637522709.html
7525775382499298567,70.0,70.66119,21_7525775382499298567.html
7600754896492776725,86.0,86.09956,21_7600754896492776725.html
7589596736830590228,112.0,278.09955,220_7589596736830590228.html
7589567097668193557,87.0,87.458,221_7589567097668193557.html
7589557299384028436,93.0,278.09955,222_7589557299384028436.html
7589260650170387732,143.0,278.09955,223_7589260650170387732.html
7589244557553093908,127.0,278.09955,224_7589244557553093908.html
7588853714883022100,84.0,110.5,225_7588853714883022100.html
7588835312642706709,144.0,309.49875,226_7588835312642706709.html
7588798679734095124,112.0,309.49875,227_7588798679734095124.html
7588451981396610324,94.0,107.0,228_7588451981396610324.html
7588443667862474004,57.0,57.208,229_7588443667862474004.html
7525714200686054674,173.0,173.34856,22_7525714200686054674.html
7600398257256172820,212.0,212.63669,22_7600398257256172820.html
7588137692425162005,151.0,278.09955,230_7588137692425162005.html
7588078816292080917,168.0,278.09955,231_7588078816292080917.html
7588067191992618260,149.0,278.09955,232_7588067191992618260.html
7587767523848801557,134.0,309.49875,233_7587767523848801557.html
7587735898251398421,163.0,265.06445,234_7587735898251398421.html
7587359892894698772,108.0,309.49875,235_7587359892894698772.html
7587324822028324116,157.0,278.09955,236_7587324822028324116.html
7587315248223358228,147.0,265.06445,237_7587315248223358228.html
7586977826704805140,167.0,309.49875,238_7586977826704805140.html
7586906150474534164,144.0,278.09955,239_7586906150474534164.html
7524542895475510536,219.0,219.32407,23_7524542895475510536.html
7600027693874236692,141.0,141.42694,23_7600027693874236692.html
7586662278242503956,143.0,309.49875,240_7586662278242503956.html
7586615727600225557,135.0,278.09955,241_7586615727600225557.html
7586604523049831701,136.0,309.49875,242_7586604523049831701.html
7586210537135033620,107.0,107.442,243_7586210537135033620.html
7586148963972091156,156.0,278.09955,244_7586148963972091156.html
7585933007027096853,132.0,278.09955,245_7585933007027096853.html
7585886268895071509,151.0,309.49875,246_7585886268895071509.html
7585860712287767828,144.0,278.09955,247_7585860712287767828.html
7585137030724734228,139.0,278.09955,248_7585137030724734228.html
7585086900449332501,124.0,278.09955,249_7585086900449332501.html
7523604210278026504,194.0,194.37712,24_7523604210278026504.html
7599918425024122132,147.0,147.61794,24_7599918425024122132.html
7585032490063219989,124.0,278.09955,250_7585032490063219989.html
7584780602319047957,149.0,278.09955,251_7584780602319047957.html
7584699359158209812,139.0,278.09955,252_7584699359158209812.html
7584295592679984404,146.0,309.49875,253_7584295592679984404.html
7583681405184412948,142.0,309.49875,254_7583681405184412948.html
7583616480357518612,133.0,278.09955,255_7583616480357518612.html
7583603906735901973,126.0,309.49875,256_7583603906735901973.html
7582963624579222805,123.0,309.49875,257_7582963624579222805.html
7582871329284590869,144.0,58.854,258_7582871329284590869.html
7582859912875658516,174.0,278.09955,259_7582859912875658516.html
7523098973712682258,109.0,109.08731,25_7523098973712682258.html
7598919931249331477,260.0,260.44083,25_7598919931249331477.html
7582471804195753237,120.0,278.09955,260_7582471804195753237.html
7582413583775010069,143.0,309.49875,261_7582413583775010069.html
7581791563672603912,144.0,58.854,262_7581791563672603912.html
7581726107754450183,122.0,278.09955,263_7581726107754450183.html
7581488572293811474,145.0,309.49875,264_7581488572293811474.html
7581345461655653640,87.0,278.09955,265_7581345461655653640.html
7581063251644009746,130.0,278.09955,266_7581063251644009746.html
7581056039567592712,129.0,278.09955,267_7581056039567592712.html
7580777100043504904,96.0,278.09955,268_7580777100043504904.html
7580304821727530258,128.0,278.09955,269_7580304821727530258.html
7523082054821580040,176.0,176.82281,26_7523082054821580040.html
7598531045671095573,108.0,108.146935,26_7598531045671095573.html
7580298164637322514,159.0,166.16487,270_7580298164637322514.html
7580230297921342728,111.0,278.09955,271_7580230297921342728.html
7580010752736611602,148.0,278.09955,272_7580010752736611602.html
7579914708904365319,173.0,278.09955,273_7579914708904365319.html
7579215770559810834,88.0,278.09955,274_7579215770559810834.html
7579202398015589640,93.0,278.09955,275_7579202398015589640.html
7579157355032546567,149.0,149.055,276_7579157355032546567.html
7579125369073143058,155.0,155.22,277_7579125369073143058.html
7579111974726847762,113.0,166.16487,278_7579111974726847762.html
7578837992257735943,119.0,166.16487,279_7578837992257735943.html
7522435289252433159,299.0,299.1804,27_7522435289252433159.html
7597809036402101525,168.0,168.12407,27_7597809036402101525.html
7578783624481377554,148.0,278.09955,280_7578783624481377554.html
7578367585662569746,171.0,278.09955,281_7578367585662569746.html
7578001923387821320,177.0,278.09955,282_7578001923387821320.html
7577685554024746258,192.0,192.47,283_7577685554024746258.html
7577314694516559122,136.0,278.09955,284_7577314694516559122.html
7577269349497588999,153.0,278.09955,285_7577269349497588999.html
7577260392905264392,196.0,278.09955,286_7577260392905264392.html
7576833245610839304,174.0,265.06445,287_7576833245610839304.html
7576813291587030279,184.0,278.09955,288_7576813291587030279.html
7576694397857762567,165.0,265.06445,289_7576694397857762567.html
7521650060124294418,194.0,194.50775,28_7521650060124294418.html
7597424429559205141,166.0,166.818,28_7597424429559205141.html
7576176838133697810,139.0,265.06445,290_7576176838133697810.html
7602326175456791821,155.0,155.71588,291_7602326175456791821.html
7588704447690263821,73.0,73.50856,292_7588704447690263821.html
7605432748341218574,64.0,64.470184,293_7605432748341218574.html
7613613581581438238,71.0,171.0,294_7613613581581438238.html
7613593853391605022,81.0,715.732,295_7613593853391605022.html
7613549173966703902,72.0,113.806,296_7613549173966703902.html
7613533970776493342,79.0,715.732,297_7613533970776493342.html
7613459056925232415,74.0,214.765,298_7613459056925232415.html
7613433119508679966,108.0,168.04,299_7613433119508679966.html
7520993678874250503,174.0,174.08,29_7520993678874250503.html
7597423750862195988,99.0,99.971,29_7597423750862195988.html
7532820321800326418,180.0,180.76732,2_7532820321800326418.html
7538098035327257864,137.0,137.58694,2_7538098035327257864.html
7613293587819744543,78.0,168.04,300_7613293587819744543.html
7613280884116032799,86.0,187.32,301_7613280884116032799.html
7613243233140886814,85.0,171.0,302_7613243233140886814.html
7613218206953524510,62.0,62.35425,303_7613218206953524510.html
7613111636651494686,103.0,715.732,304_7613111636651494686.html
7613058916682960158,93.0,715.732,305_7613058916682960158.html
7612913229869665550,102.0,189.474,306_7612913229869665550.html
7612881007955479821,63.0,60.0,307_7612881007955479821.html
7612819519509171470,128.0,715.732,308_7612819519509171470.html
7612789696900451597,68.0,246.0,309_7612789696900451597.html
7520654531139570952,236.0,236.14694,30_7520654531139570952.html
7596732173059706133,182.0,182.57,30_7596732173059706133.html
7612766202254970125,60.0,144.614,310_7612766202254970125.html
7612724332313300238,102.0,715.732,311_7612724332313300238.html
7612691471220673806,79.0,715.732,312_7612691471220673806.html
7612541708328291597,96.0,342.0,313_7612541708328291597.html
7612509587798773006,114.0,342.0,314_7612509587798773006.html
7612492171148659982,72.0,715.732,315_7612492171148659982.html
7612477776343469325,78.0,715.732,316_7612477776343469325.html
7612342460907375886,60.0,715.732,317_7612342460907375886.html
7612330524832648462,65.0,65.77631,318_7612330524832648462.html
7612134131874483469,85.0,715.732,319_7612134131874483469.html
7520485097573797127,86.0,86.961624,31_7520485097573797127.html
7596279687115033876,151.0,151.98,31_7596279687115033876.html
7612087644410973453,71.0,189.474,320_7612087644410973453.html
7612047021226069262,67.0,137.204,321_7612047021226069262.html
7612027934571908365,65.0,168.04,322_7612027934571908365.html
7611906903525903629,70.0,214.765,323_7611906903525903629.html
7611885785263967501,251.0,715.732,324_7611885785263967501.html
7611864635179912461,98.0,98.2465,325_7611864635179912461.html
7611739715246591245,80.0,80.74444,326_7611739715246591245.html
7611705658945047822,64.0,64.31344,327_7611705658945047822.html
7611640964792356110,75.0,142.0,328_7611640964792356110.html
7611631780730326285,77.0,168.04,329_7611631780730326285.html
7520309443075132679,121.0,121.33875,32_7520309443075132679.html
7595421771877190932,,,32_7595421771877190932.html
7611586339066137869,86.0,214.765,330_7611586339066137869.html
7611571270370512142,81.0,168.04,331_7611571270370512142.html
7611421928791739661,68.0,168.04,332_7611421928791739661.html
7611383262652517645,93.0,168.04,333_7611383262652517645.html
7611315145930722574,60.0,60.0,334_7611315145930722574.html
7611283558522522894,66.0,60.0,335_7611283558522522894.html
7611271984961293582,76.0,76.826065,336_7611271984961293582.html
7611227622063885582,69.0,60.0,337_7611227622063885582.html
7611204442368593166,79.0,79.67344,338_7611204442368593166.html
7611020546901314830,81.0,214.765,339_7611020546901314830.html
7519873578347580679,23.0,23.875875,33_7519873578347580679.html
7595213525451148565,,,33_7595213525451148565.html
7610958396614839565,74.0,168.04,340_7610958396614839565.html
7610916761940020493,93.0,93.30937,341_7610916761940020493.html
7610858699728375054,78.0,214.765,342_7610858699728375054.html
7610827737716083982,73.0,128.729,343_7610827737716083982.html
7610815530286533902,64.0,214.765,344_7610815530286533902.html
7610683407009352974,73.0,240.0,345_7610683407009352974.html
7610596173447023886,73.0,168.04,346_7610596173447023886.html
7610572719180090637,69.0,69.564064,347_7610572719180090637.html
7610565015220817165,90.0,115.136,348_7610565015220817165.html
7610481810228743438,95.0,123.683,349_7610481810228743438.html
7519461885989702919,159.0,159.60812,34_7519461885989702919.html
7594827331139570964,165.0,165.068,34_7594827331139570964.html
7610457365283884301,78.0,184.319,350_7610457365283884301.html
7610327051375021325,83.0,168.04,351_7610327051375021325.html
7610310654691429645,84.0,217.971,352_7610310654691429645.html
7610258971554778381,70.0,144.138,353_7610258971554778381.html
7610217890876230926,85.0,168.04,354_7610217890876230926.html
7610169071081999629,84.0,133.0,355_7610169071081999629.html
7610108436793036046,72.0,184.319,356_7610108436793036046.html
7610095421427338509,93.0,123.683,357_7610095421427338509.html
7609940155436174606,90.0,105.14,358_7609940155436174606.html
7609899873705463053,74.0,246.0,359_7609899873705463053.html
7519415599349468423,120.0,120.79019,35_7519415599349468423.html
7594471808716311828,29.0,33.462814,35_7594471808716311828.html
7609864604692270350,70.0,168.07181,360_7609864604692270350.html
7609853191458409742,84.0,84.89794,361_7609853191458409742.html
7609734254167117069,73.0,168.04,362_7609734254167117069.html
7609555666163862798,96.0,189.474,363_7609555666163862798.html
7609462568763084045,94.0,141.97,364_7609462568763084045.html
7609428582892408078,60.0,60.34281,365_7609428582892408078.html
7609411633084992782,75.0,75.46775,366_7609411633084992782.html
7609377251901181198,96.0,96.496315,367_7609377251901181198.html
7609353630067592461,79.0,79.30775,368_7609353630067592461.html
7609343843275689229,88.0,88.111,369_7609343843275689229.html
7519376381772320018,141.0,141.45306,36_7519376381772320018.html
7593726579239292181,163.0,163.422,36_7593726579239292181.html
7609152356579691789,68.0,69.0155,370_7609152356579691789.html
7609111429756554510,82.0,223.061,371_7609111429756554510.html
7609101396184485134,93.0,93.75344,372_7609101396184485134.html
7609090491308625165,97.0,168.07181,373_7609090491308625165.html
7609059426225409293,68.0,240.0,374_7609059426225409293.html
7609046312058686733,65.0,65.044876,375_7609046312058686733.html
7608967461077060878,98.0,98.84731,376_7608967461077060878.html
7608808322824670478,88.0,144.614,377_7608808322824670478.html
7608730554023955726,87.0,240.0,378_7608730554023955726.html
7608706952142556429,76.0,76.826065,379_7608706952142556429.html
7518758771926158600,155.0,155.24568,37_7518758771926158600.html
7593378509532269845,194.0,194.273,37_7593378509532269845.html
7608632837020929294,113.0,113.55425,380_7608632837020929294.html
7608620609815235853,89.0,89.65219,381_7608620609815235853.html
7608608288388697357,66.0,66.84731,382_7608608288388697357.html
7608452403209325838,70.0,70.03425,383_7608452403209325838.html
7608440877094096142,74.0,74.55344,384_7608440877094096142.html
7608398348067949837,61.0,61.07425,385_7608398348067949837.html
7608362300541553934,69.0,69.74694,386_7608362300541553934.html
7608318741364870414,78.0,78.28894,387_7608318741364870414.html
7608093545047641357,60.0,60.630188,388_7608093545047641357.html
7608021040303852814,64.0,64.391815,389_7608021040303852814.html
7518427597647203602,122.0,122.749374,38_7518427597647203602.html
7593308979900583188,19.0,19.774689,38_7593308979900583188.html
7607868804269362445,77.0,77.32244,390_7607868804269362445.html
7607651759229603085,119.0,119.719124,391_7607651759229603085.html
7607637241849990413,130.0,131.03018,392_7607637241849990413.html
7607540746505194766,60.0,60.0,393_7607540746505194766.html
7607525232676506893,68.0,68.96325,394_7607525232676506893.html
7607365876123307277,91.0,91.71587,395_7607365876123307277.html
7607350301498133773,92.0,92.31669,396_7607350301498133773.html
7607319857805135117,94.0,94.24975,397_7607319857805135117.html
7607291618550402318,173.0,173.42694,398_7607291618550402318.html
7607141170438737165,99.0,99.500374,399_7607141170438737165.html
7518425554048077064,126.0,126.14525,39_7518425554048077064.html
7592988413012397333,115.0,115.618,39_7592988413012397333.html
7532142336927681799,173.0,173.27019,3_7532142336927681799.html
7554383805675506962,,,3_7554383805675506962.html
7607108233488010509,77.0,77.348564,400_7607108233488010509.html
7606973474778680589,82.0,82.755875,401_7606973474778680589.html
7606959374375881998,71.0,71.941185,402_7606959374375881998.html
7606919669047463181,62.0,62.641624,403_7606919669047463181.html
7606877980559723789,121.0,121.155876,404_7606877980559723789.html
7606751967129521422,62.0,62.171375,405_7606751967129521422.html
7606593628626029837,84.0,84.24487,406_7606593628626029837.html
7606556606981065998,99.0,99.81387,407_7606556606981065998.html
7606540323329903885,78.0,79.02038,408_7606540323329903885.html
7606503381389118733,62.0,62.4065,409_7606503381389118733.html
7518418009438833928,170.0,170.31831,40_7518418009438833928.html
7592663153524149524,91.0,91.14119,40_7592663153524149524.html
7606478464241257741,95.0,95.24244,410_7606478464241257741.html
7606388195357396238,79.0,79.0465,411_7606388195357396238.html
7606366698073083150,63.0,63.608124,412_7606366698073083150.html
7606348389734780173,65.0,65.85469,413_7606348389734780173.html
7606241237015727373,60.0,60.52569,414_7606241237015727373.html
7606228546402471182,64.0,64.23506,415_7606228546402471182.html
7606197243481246990,81.0,81.240814,416_7606197243481246990.html
7606148932812492046,85.0,85.05469,417_7606148932812492046.html
7606137155517287693,61.0,61.753437,418_7606137155517287693.html
7606116673518603534,61.0,61.936314,419_7606116673518603534.html
7516529950644636946,138.0,138.1355,41_7516529950644636946.html
7592233542470618389,170.0,170.91913,41_7592233542470618389.html
7606016084545670414,89.0,89.80894,420_7606016084545670414.html
7605984298537176333,168.0,168.25468,421_7605984298537176333.html
7605963544483400974,84.0,84.14037,422_7605963544483400974.html
7605836521190460686,84.0,84.45387,423_7605836521190460686.html
7605811431711296782,83.0,83.27831,424_7605811431711296782.html
7605764560263400717,85.0,85.263626,425_7605764560263400717.html
7605748590157286669,151.0,151.87587,426_7605748590157286669.html
7605711161559944461,75.0,75.15425,427_7605711161559944461.html
7605702601212054798,64.0,64.9665,428_7605702601212054798.html
7605641923977579790,100.0,100.44081,429_7605641923977579790.html
7515436314129468679,149.0,149.342,42_7515436314129468679.html
7591507711255170324,142.0,142.6547,42_7591507711255170324.html
7605523515361545485,160.0,160.26118,430_7605523515361545485.html
7605504123080920333,79.0,79.30775,431_7605504123080920333.html
7605480687314980109,60.0,60.630188,432_7605480687314980109.html
7605470044688043278,61.0,60.630188,433_7605470044688043278.html
7605399206764858638,70.0,71.02694,434_7605399206764858638.html
7605362598552309005,72.0,72.045685,435_7605362598552309005.html
7605295944917110030,93.0,93.07425,436_7605295944917110030.html
7605123130452987149,81.0,81.8155,437_7605123130452987149.html
7605109162388901133,73.0,73.560814,438_7605109162388901133.html
7605094618706791693,61.0,60.630188,439_7605094618706791693.html
7513565103762050312,90.0,90.40975,43_7513565103762050312.html
7591021947841039623,175.0,175.38606,43_7591021947841039623.html
7605061703578979598,64.0,64.44406,440_7605061703578979598.html
7605051332659039502,77.0,77.40081,441_7605051332659039502.html
7604920654944554254,75.0,75.937935,442_7604920654944554254.html
7604877832149355790,62.0,62.98119,443_7604877832149355790.html
7604868000117755150,73.0,73.27344,444_7604868000117755150.html
7604764147720408334,91.0,91.324066,445_7604764147720408334.html
7604752573127544078,97.0,97.90694,446_7604752573127544078.html
7604677424235695373,66.0,66.533875,447_7604677424235695373.html
7604603154092608782,61.0,49.476,448_7604603154092608782.html
7604551084815781133,114.0,114.782,449_7604551084815781133.html
7513079207446973703,183.0,183.53632,44_7513079207446973703.html
7589516692842171666,192.0,192.62694,44_7589516692842171666.html
7604459110041423118,96.0,96.365685,450_7604459110041423118.html
7604433167952514317,91.0,91.37631,451_7604433167952514317.html
7604415942394744077,83.0,83.826935,452_7604415942394744077.html
7604334362565332237,89.0,89.86119,453_7604334362565332237.html
7604296914741234957,102.0,102.73956,454_7604296914741234957.html
7604285838964395278,100.0,100.048935,455_7604285838964395278.html
7604185034001517838,83.0,83.826935,456_7604185034001517838.html
7604096714827484430,60.0,60.0,457_7604096714827484430.html
7604080987160579341,35.0,61.622814,458_7604080987160579341.html
7604071711658478862,85.0,85.4465,459_7604071711658478862.html
7512897180701625608,167.0,167.62775,45_7512897180701625608.html
7589255090234723602,150.0,150.70038,45_7589255090234723602.html
7604049417313848589,62.0,62.92894,460_7604049417313848589.html
7603944539174243597,62.0,62.641624,461_7603944539174243597.html
7603933258010692878,90.0,90.40975,462_7603933258010692878.html
7603888769070025998,135.0,135.65387,463_7603888769070025998.html
7603822284255661326,97.0,97.20162,464_7603822284255661326.html
7603808909073124621,63.0,63.059563,465_7603808909073124621.html
7603679366370856205,91.0,91.55913,466_7603679366370856205.html
7603640973133958414,69.0,69.041626,467_7603640973133958414.html
7603583765583121678,68.0,68.57137,468_7603583765583121678.html
7603548002464058637,81.0,81.684875,469_7603548002464058637.html
7511797301577370887,141.0,141.662,46_7511797301577370887.html
7588535716955557140,27.0,27.820375,46_7588535716955557140.html
7603513722430049550,61.0,60.0,470_7603513722430049550.html
7603502248567541005,60.0,60.47344,471_7603502248567541005.html
7603382818382679310,117.0,117.08081,472_7603382818382679310.html
7603242194232823053,101.0,101.59019,473_7603242194232823053.html
7603202121474772238,72.0,72.56812,474_7603202121474772238.html
7603143032900226317,60.0,172.04243,475_7603143032900226317.html
7603136136822803726,68.0,68.362434,476_7603136136822803726.html
7603110143278058765,65.0,65.75019,477_7603110143278058765.html
7603054326155578637,90.0,90.93219,478_7603054326155578637.html
7603045895613074701,81.0,81.34525,479_7603045895613074701.html
7511186575166819602,172.0,172.22525,47_7511186575166819602.html
7588031714505608466,171.0,171.15425,47_7588031714505608466.html
7602849619424349454,77.0,77.84487,480_7602849619424349454.html
7602803514951191821,74.0,74.52731,481_7602803514951191821.html
7602791484722597133,75.0,75.33713,482_7602791484722597133.html
7602756497969384717,76.0,76.64325,483_7602756497969384717.html
7602740493277056270,66.0,66.977936,484_7602740493277056270.html
7602541321252916494,89.0,89.33875,485_7602541321252916494.html
7602479114263563575,499.0,499.3567,486_7602479114263563575.html
7602464033702153527,65.0,60.0,487_7602464033702153527.html
7602412797011479863,101.0,101.72081,488_7602412797011479863.html
7602398464617565495,81.0,81.94606,489_7602398464617565495.html
7511183922101816594,184.0,184.3722,48_7511183922101816594.html
https_www_tiktok_com_bankerthichcode_photo_7587397655681174805,,,48_https_www_tiktok_com_bankerthichcode_photo_7587397655681174805.html
7602389019992919310,84.0,84.66281,490_7602389019992919310.html
7602151384984620302,80.0,80.06525,491_7602151384984620302.html
7602105619650219319,71.0,71.079124,492_7602105619650219319.html
7602088129826131255,62.0,62.6155,493_7602088129826131255.html
7602047756785519885,67.0,67.944435,494_7602047756785519885.html
7601918467691875639,68.0,68.048935,495_7601918467691875639.html
7601808684905286925,77.0,77.16569,496_7601808684905286925.html
7601745552459500855,66.0,66.61219,497_7601745552459500855.html
7601719681426246925,77.0,77.139565,498_7601719681426246925.html
7601685092385180942,82.0,82.44244,499_7601685092385180942.html
7510479903750491399,140.0,140.382,49_7510479903750491399.html
7587066343489277202,144.0,144.87506,49_7587066343489277202.html
7531436594943823112,177.0,177.8155,4_7531436594943823112.html
7612643973269622037,162.0,162.19424,4_7612643973269622037.html
7601642736197881143,78.0,78.60244,500_7601642736197881143.html
7601448646713822477,331.0,331.6767,501_7601448646713822477.html
7601434848930123022,67.0,67.84,502_7601434848930123022.html
7601352702374759735,362.0,362.68405,503_7601352702374759735.html
7601326333758836023,289.0,314.375,504_7601326333758836023.html
7601289709863603469,74.0,74.031,505_7601289709863603469.html
7601266215012601102,67.0,67.7355,506_7601266215012601102.html
7601214407007325454,61.0,61.048126,507_7601214407007325454.html
7601188981602012430,77.0,77.32244,508_7601188981602012430.html
7601030984930299149,113.0,113.502,509_7601030984930299149.html
7510438344128515346,57.0,57.704437,50_7510438344128515346.html
7585944444839447826,163.0,163.78775,50_7585944444839447826.html
7600989546192391437,81.0,81.73712,510_7600989546192391437.html
7600935692339875085,67.0,67.26525,511_7600935692339875085.html
7600690070374354231,98.0,98.50775,512_7600690070374354231.html
7600631977900903694,102.0,102.42606,513_7600631977900903694.html
7600577192329809166,86.0,86.49138,514_7600577192329809166.html
7600461474976320823,73.0,73.95262,515_7600461474976320823.html
7600433697921174798,75.0,75.180374,516_7600433697921174798.html
7600256833202261278,65.0,65.54119,517_7600256833202261278.html
7600244625831365919,86.0,86.752625,518_7600244625831365919.html
7600163059633605918,61.0,314.375,519_7600163059633605918.html
7510295213672353042,68.0,68.57137,51_7510295213672353042.html
7585913734334385426,218.0,218.14856,51_7585913734334385426.html
7600102376564968735,89.0,89.469376,520_7600102376564968735.html
7599930122048654622,84.0,84.08813,521_7599930122048654622.html
7509931463840746770,81.0,81.8155,52_7509931463840746770.html
7585913305034673415,97.0,97.30606,52_7585913305034673415.html
7509915929384471826,89.0,89.573875,53_7509915929384471826.html
7585913032253951239,139.0,139.67668,53_7585913032253951239.html
7509146567568346386,75.0,75.52,54_7509146567568346386.html
7585911834515983623,160.0,160.10443,54_7585911834515983623.html
7509011234058931474,116.0,117.028564,55_7509011234058931474.html
7585909296379120904,127.0,127.97388,55_7585909296379120904.html
7508256565724581127,69.0,69.32894,56_7508256565724581127.html
7584849127276678407,119.0,119.98038,56_7584849127276678407.html
7508241805159255314,122.0,122.59263,57_7508241805159255314.html
7584066722001472786,123.0,123.58525,57_7584066722001472786.html
7507314991368801544,95.0,95.11182,58_7507314991368801544.html
7584066636773149960,136.0,136.62038,58_7584066636773149960.html
7506901365906623762,182.0,182.07344,59_7506901365906623762.html
7583723123451858183,129.0,129.64569,59_7583723123451858183.html
7531435591788006664,117.0,117.342,5_7531435591788006664.html
7611918335776656661,193.0,194.01137,5_7611918335776656661.html
7583317990230347026,115.0,115.27831,60_7583317990230347026.html
7604817584382364949,125.0,278.09955,60_7604817584382364949.html
7581356389411458322,132.0,132.04893,61_7581356389411458322.html
7613768642282507540,127.0,278.09955,61_7613768642282507540.html
7580713771908205842,163.0,163.03018,62_7580713771908205842.html
7613760408851107092,121.0,278.09955,62_7613760408851107092.html
7580555082136161554,341.0,341.6555,63_7580555082136161554.html
7613595118104333589,104.0,278.09955,63_7613595118104333589.html
7580351898499288328,21.0,21.080812,64_7580351898499288328.html
7613349864285506837,154.0,278.09955,64_7613349864285506837.html
7580324279099608338,135.0,135.75832,65_7580324279099608338.html
7613345020623490325,124.0,278.09955,65_7613345020623490325.html
7579864482474691847,134.0,134.81793,66_7579864482474691847.html
7613339791744044308,141.0,278.09955,66_7613339791744044308.html
7579646525765160210,114.0,114.05056,67_7579646525765160210.html
7612983774556507413,117.0,278.09955,67_7612983774556507413.html
7579566643823512839,143.0,143.90857,68_7579566643823512839.html
7612979139783462164,96.0,278.09955,68_7612979139783462164.html
7577427492064021778,176.0,176.69218,69_7577427492064021778.html
7612942617596251412,68.0,68.101,69_7612942617596251412.html
7531288064203689234,232.0,232.17632,6_7531288064203689234.html
7610784575698013460,139.0,139.99019,6_7610784575698013460.html
7577412831021190408,138.0,138.55344,70_7577412831021190408.html
7612932050546363668,,,70_7612932050546363668.html
7576510381061983506,125.0,125.38775,71_7576510381061983506.html
7612659487249370388,133.0,278.09955,71_7612659487249370388.html
7576272362266512658,122.0,122.7755,72_7576272362266512658.html
7612654933699054868,122.0,278.09955,72_7612654933699054868.html
7575437582582975752,123.0,123.533066,73_7575437582582975752.html
7612201234879040788,85.0,278.09955,73_7612201234879040788.html
7575388482843970834,116.0,116.924065,74_7575388482843970834.html
7612191770293570836,94.0,278.09955,74_7612191770293570836.html
7574066123881155847,107.0,107.937935,75_7574066123881155847.html
7612148099854765333,143.0,278.09955,75_7612148099854765333.html
7574045244665138440,146.0,146.44244,76_7574045244665138440.html
7611872547985984789,141.0,278.09955,76_7611872547985984789.html
7573975136131370247,115.0,115.33057,77_7573975136131370247.html
7611818564684614933,127.0,278.09955,77_7611818564684614933.html
7573670651014270215,142.0,142.13219,78_7573670651014270215.html
7611571638085373204,37.0,37.93,78_7611571638085373204.html
7573670195936447751,72.0,72.6465,79_7573670195936447751.html
7611493841685859605,178.0,278.09955,79_7611493841685859605.html
7531287500829084946,115.0,116.00975,7_7531287500829084946.html
7610043759929068821,178.0,178.65138,7_7610043759929068821.html
7573664827210583314,117.0,117.31587,80_7573664827210583314.html
7611488607030791445,147.0,278.09955,80_7611488607030791445.html
7572541491503992082,187.0,187.06282,81_7572541491503992082.html
7611183775707434261,89.0,278.09955,81_7611183775707434261.html
7572541448663452936,123.0,123.533066,82_7572541448663452936.html
7611176791075540244,101.0,101.329,82_7611176791075540244.html
7572191451170360584,81.0,81.92,83_7572191451170360584.html
7611116055439641877,142.0,278.09955,83_7611116055439641877.html
7572190566503566610,139.0,139.91182,84_7572190566503566610.html
7611108764585856277,163.0,278.09955,84_7611108764585856277.html
7571773657572314386,135.0,135.23587,85_7571773657572314386.html
7610812018211261716,92.0,278.09955,85_7610812018211261716.html
7571473321716354322,57.0,57.4955,86_7571473321716354322.html
7610806204809399572,179.0,278.09955,86_7610806204809399572.html
7571120581769252103,121.0,121.91344,87_7571120581769252103.html
7610800267927244053,137.0,278.09955,87_7610800267927244053.html
7610704374649621780,97.0,98.011,88_7610704374649621780.html
https_www_tiktok_com_bankerthichcode_photo_7571076768535170322,,,88_https_www_tiktok_com_bankerthichcode_photo_7571076768535170322.html
7570709644151164168,153.0,153.0775,89_7570709644151164168.html
7610380612523805972,99.0,99.736,89_7610380612523805972.html
7530837494548466951,240.0,240.37875,8_7530837494548466951.html
7609675604186696981,176.0,176.09137,8_7609675604186696981.html
7570347367099141394,155.0,155.71588,90_7570347367099141394.html
7610368284839415060,126.0,278.09955,90_7610368284839415060.html
7569972853538344199,155.0,155.24568,91_7569972853538344199.html
7610361522254073109,136.0,278.09955,91_7610361522254073109.html
7569970400868846855,85.0,85.08081,92_7569970400868846855.html
7610355584096881941,170.0,278.09955,92_7610355584096881941.html
7569596250698370322,142.0,142.78525,93_7569596250698370322.html
7610269392663842069,87.0,88.033,93_7610269392663842069.html
7569594705797860615,100.0,100.64975,94_7569594705797860615.html
7610002091536387349,161.0,278.09955,94_7610002091536387349.html
7569265793913916690,105.0,105.560814,95_7569265793913916690.html
7609993451668573461,147.0,278.09955,95_7609993451668573461.html
7569143700819938567,88.0,89.02525,96_7569143700819938567.html
7609982915635580180,129.0,278.09955,96_7609982915635580180.html
7568369993285471495,143.0,143.38606,97_7568369993285471495.html
7609694356890553620,122.0,278.09955,97_7609694356890553620.html
7567371521736396039,153.0,153.15587,98_7567371521736396039.html
7609652924678966549,203.0,278.09955,98_7609652924678966549.html
7566880917608860946,145.0,145.55424,99_7566880917608860946.html
7609641512233618708,178.0,278.09955,99_7609641512233618708.html
7530835951996718343,134.0,134.34775,9_7530835951996718343.html
7609193368551279892,155.0,155.89874,9_7609193368551279892.html
